Time, TF_Lprior_L0.x, TF_Lprior_L0.y, TF_Lprior_L0.z, TF_Lprior_L0.qx, TF_Lprior_L0.qy, TF_Lprior_L0.qz, TF_Lprior_L0.qw, TF_Lprior_L0.yaw, TF_Lprior_L0.pitch, TF_Lprior_L0.roll
1645008765.654173851, 41.378384528, 24.853227665, 6.567436534, -0.027023124, 0.082645801, 0.304237581, 0.948619479, 35.558785841, 9.976354106, -0.057093736
