Time, TF_Lprior_L0.x, TF_Lprior_L0.y, TF_Lprior_L0.z, TF_Lprior_L0.qx, TF_Lprior_L0.qy, TF_Lprior_L0.qz, TF_Lprior_L0.qw, TF_Lprior_L0.yaw, TF_Lprior_L0.pitch, TF_Lprior_L0.roll
1644760130.956903696, 244.121396159, -99.633225969, 5.959903908, -0.004485211, 0.005727371, -0.278634135, 0.960369772, -32.361160445, 0.487095804, -0.676508722
