Time, TF_Lprior_L0.x, TF_Lprior_L0.y, TF_Lprior_L0.z, TF_Lprior_L0.qx, TF_Lprior_L0.qy, TF_Lprior_L0.qz, TF_Lprior_L0.qw, TF_Lprior_L0.yaw, TF_Lprior_L0.pitch, TF_Lprior_L0.roll
1645021154.199481964, 81.451812262, -18.299074586, 3.307114942, -0.001671310, 0.002674221, 0.361516479, 0.932360387, 42.386725834, 0.354954631, -0.067780891
