Time, TF_Lprior_L0.x, TF_Lprior_L0.y, TF_Lprior_L0.z, TF_Lprior_L0.qx, TF_Lprior_L0.qy, TF_Lprior_L0.qz, TF_Lprior_L0.qw, TF_Lprior_L0.yaw, TF_Lprior_L0.pitch, TF_Lprior_L0.roll
1645018882.519961357, 195.734547810, -8.570859192, 7.169615747, -0.003454171, -0.000064051, 0.922720286, 0.385454716, 134.655265439, 0.362403427, -0.159346101
