Time, TF_Lprior_L0.x, TF_Lprior_L0.y, TF_Lprior_L0.z, TF_Lprior_L0.qx, TF_Lprior_L0.qy, TF_Lprior_L0.qz, TF_Lprior_L0.qw, TF_Lprior_L0.yaw, TF_Lprior_L0.pitch, TF_Lprior_L0.roll
1644823142.292802572, 49.292936188, 107.351568893, 7.627710239, -0.001777928, 0.004698397, -0.351661179, 0.936113871, -41.179885117, 0.432358753, -0.380066436
